,vendor_id,passenger_count,pickup_longitude,pickup_latitude,dropoff_longitude,dropoff_latitude,trip_duration
count,1458644.0,1458644.0,1458644.0,1458644.0,1458644.0,1458644.0,1458644.0
mean,1.5349502688798637,1.6645295219395548,-73.97348630489282,40.750920908391734,-73.9734159469458,40.7517995149002,959.4922729603659
std,0.4987771539052148,1.3142421678122391,0.07090185842269735,0.032881186257633734,0.07064326809720352,0.035890555605635345,5237.431724497702
min,1.0,0.0,-121.93334197998048,34.359695434570305,-121.9333038330078,32.1811408996582,1.0
25%,1.0,1.0,-73.9918670654297,40.73734664916992,-73.99132537841797,40.73588466644287,397.0
50%,2.0,1.0,-73.98174285888672,40.75410079956055,-73.97975158691406,40.75452423095703,662.0
75%,2.0,2.0,-73.96733093261719,40.76836013793945,-73.9630126953125,40.76980972290039,1075.0
max,2.0,9.0,-61.33552932739258,51.88108444213867,-61.33552932739258,43.92102813720703,3526282.0
