,QaE,QbE,QcE,QdE,QeE,QfE,QgE,QhE,QiE,QjE,QkE,QlE,QmE,QnE,QoE,QpE,QqE,QrE,QsE,QtE
count,45532.0,45532.0,45532.0,45532.0,45532.0,45532.0,45532.0,45532.0,45532.0,45532.0,45532.0,45532.0,45532.0,45532.0,45532.0,45532.0,45532.0,45532.0,45532.0,45532.0
mean,945.3570455943074,2189.588575068084,1484.2945181410876,1490.6722305191952,1899.292277958359,1850.6502679434243,1284.607946059914,4584.272138276377,4068.4338267592025,2576.362909602038,2038.9857902134763,3741.017613985768,2050.286523763507,959.8805016252306,1435.7616621277343,1633.478630413775,1154.3516647632434,2470.8081569006413,1164.1166212773435,2240.056861108671
std,13075.648143126222,33510.26592355243,8977.664317913534,10922.600860407903,16707.654162157418,76082.35545351185,9756.583941652081,502026.45176991593,114173.78286305924,54114.31600800037,30691.644500195052,366367.2263544623,75307.86517542561,5869.964127460692,10849.973342073206,26002.208613042625,22506.885924356706,148288.97505548134,7433.515355002669,67309.23580804221
min,25.0,25.0,25.0,26.0,25.0,25.0,25.0,0.0,0.0,0.0,0.0,25.0,25.0,25.0,0.0,0.0,0.0,25.0,25.0,25.0
25%,404.0,875.0,651.0,679.0,834.0,504.0,549.0,1077.0,1259.0,902.0,859.0,806.0,650.0,428.0,638.0,706.0,461.0,794.0,527.0,733.0
50%,557.0,1218.0,899.0,931.0,1154.0,712.0,772.0,1464.0,1800.0,1260.0,1178.0,1125.0,906.0,596.0,883.0,970.0,652.0,1117.0,747.0,1020.0
75%,827.0,1838.0,1335.0,1355.0,1656.0,1078.0,1150.0,2090.0,2761.0,1899.0,1721.0,1649.0,1342.0,891.0,1300.0,1409.0,982.0,1664.0,1124.0,1526.0
max,2413960.0,5580395.0,871557.0,1552821.0,1919926.0,11763701.0,1068252.0,107086013.0,17035860.0,9910006.0,4824953.0,77543511.0,14108320.0,606694.0,1309739.0,4650742.0,4277510.0,31593284.0,1286581.0,11556504.0
